{
  "args": {
    "r_max": 0.075,
    "categories": 5,
    "seed": 105,
    "output_dir": "L:\\UserData\\rotal\\master_thesis\\cmdp",
    "constrained_cats": null,
    "eta": 0.1,
    "n_dual": 100,
    "num_repeats": 50,
    "run_group": "20260224_181824_bf0.0",
    "cpu_cores": "4-5",
    "failure_cost_coef": 0.0
  },
  "tokens": {
    "r": "r0.075",
    "bf": "bf0.0"
  },
  "scenario": {
    "categories": 5,
    "node_list": [
      60,
      40,
      30,
      20,
      10
    ],
    "active_cats": [
      0,
      1,
      2,
      3,
      4
    ],
    "boundaries": [
      0,
      60,
      100,
      130,
      150,
      160
    ]
  },
  "constrained_cats": [
    0,
    1,
    2,
    3,
    4
  ],
  "failure_thresholds": {
    "0": [
      1.7999999999999998,
      0.26999999999999996
    ],
    "1": [
      2.6999999999999997,
      0.40499999999999997
    ],
    "2": [
      1.3499999999999999,
      2.9699999999999998
    ],
    "3": [
      4.589999999999999,
      8.28
    ],
    "4": [
      6.299999999999999,
      12.42
    ]
  },
  "train_until": {
    "0": 50,
    "1": 50,
    "2": 37,
    "3": 55,
    "4": 110
  }
}