{
  "args": {
    "r_max": 0.05,
    "categories": 5,
    "seed": 108,
    "output_dir": "L:\\UserData\\rotal\\master_thesis\\cmdp",
    "constrained_cats": null,
    "eta": 0.1,
    "n_dual": 100,
    "num_repeats": 50,
    "run_group": "20260224_181824_bf1.0",
    "cpu_cores": "0-1",
    "failure_cost_coef": 1.0
  },
  "tokens": {
    "r": "r0.05",
    "bf": "bf1.0"
  },
  "scenario": {
    "categories": 5,
    "node_list": [
      60,
      40,
      30,
      20,
      10
    ],
    "active_cats": [
      0,
      1,
      2,
      3,
      4
    ],
    "boundaries": [
      0,
      60,
      100,
      130,
      150,
      160
    ]
  },
  "constrained_cats": [
    0,
    1,
    2,
    3,
    4
  ],
  "failure_thresholds": {
    "0": [
      1.2000000000000002,
      0.18000000000000002
    ],
    "1": [
      1.8000000000000003,
      0.2700000000000001
    ],
    "2": [
      0.9000000000000001,
      1.9800000000000002
    ],
    "3": [
      3.06,
      5.5200000000000005
    ],
    "4": [
      4.200000000000001,
      8.280000000000001
    ]
  },
  "train_until": {
    "0": 50,
    "1": 50,
    "2": 37,
    "3": 55,
    "4": 110
  }
}