{
  "args": {
    "r_max": 0.15,
    "categories": 5,
    "seed": 103,
    "output_dir": "L:\\UserData\\rotal\\master_thesis\\cmdp",
    "constrained_cats": null,
    "eta": 0.1,
    "n_dual": 100,
    "num_repeats": 50,
    "run_group": "20260224_181824_bf1.0",
    "cpu_cores": "12-13",
    "failure_cost_coef": 1.0
  },
  "tokens": {
    "r": "r0.15",
    "bf": "bf1.0"
  },
  "scenario": {
    "categories": 5,
    "node_list": [
      60,
      40,
      30,
      20,
      10
    ],
    "active_cats": [
      0,
      1,
      2,
      3,
      4
    ],
    "boundaries": [
      0,
      60,
      100,
      130,
      150,
      160
    ]
  },
  "constrained_cats": [
    0,
    1,
    2,
    3,
    4
  ],
  "failure_thresholds": {
    "0": [
      3.5999999999999996,
      0.5399999999999999
    ],
    "1": [
      5.3999999999999995,
      0.8099999999999999
    ],
    "2": [
      2.6999999999999997,
      5.9399999999999995
    ],
    "3": [
      9.179999999999998,
      16.56
    ],
    "4": [
      12.599999999999998,
      24.84
    ]
  },
  "train_until": {
    "0": 50,
    "1": 50,
    "2": 37,
    "3": 55,
    "4": 110
  }
}