{
  "args": {
    "r_max": 1.0,
    "categories": 5,
    "seed": 106,
    "output_dir": "L:\\UserData\\rotal\\master_thesis\\cmdp",
    "constrained_cats": null,
    "eta": 0.1,
    "n_dual": 100,
    "num_repeats": 100,
    "run_group": "20260226_092425_bf0.0",
    "cpu_cores": "16-17",
    "failure_cost_coef": 0.0
  },
  "tokens": {
    "r": "r1.0",
    "bf": "bf0.0"
  },
  "scenario": {
    "categories": 5,
    "node_list": [
      60,
      40,
      30,
      20,
      10
    ],
    "active_cats": [
      0,
      1,
      2,
      3,
      4
    ],
    "boundaries": [
      0,
      60,
      100,
      130,
      150,
      160
    ]
  },
  "constrained_cats": [
    0,
    1,
    2,
    3,
    4
  ],
  "failure_thresholds": {
    "0": [
      24.0,
      3.5999999999999996
    ],
    "1": [
      36.0,
      5.4
    ],
    "2": [
      18.0,
      39.599999999999994
    ],
    "3": [
      61.199999999999996,
      110.39999999999999
    ],
    "4": [
      84.0,
      165.60000000000002
    ]
  },
  "cmdp_train_until": {
    "0": 100,
    "1": 100,
    "2": 100,
    "3": 100,
    "4": 100
  }
}