{
  "args": {
    "r_max": 0.0875,
    "categories": 5,
    "seed": 109,
    "output_dir": "L:\\UserData\\rotal\\master_thesis\\cmdp",
    "constrained_cats": null,
    "eta": 0.1,
    "n_dual": 100,
    "num_repeats": 100,
    "run_group": "20260226_092425_bf0.0",
    "cpu_cores": "6-7",
    "failure_cost_coef": 0.0
  },
  "tokens": {
    "r": "r0.0875",
    "bf": "bf0.0"
  },
  "scenario": {
    "categories": 5,
    "node_list": [
      60,
      40,
      30,
      20,
      10
    ],
    "active_cats": [
      0,
      1,
      2,
      3,
      4
    ],
    "boundaries": [
      0,
      60,
      100,
      130,
      150,
      160
    ]
  },
  "constrained_cats": [
    0,
    1,
    2,
    3,
    4
  ],
  "failure_thresholds": {
    "0": [
      2.0999999999999996,
      0.31499999999999995
    ],
    "1": [
      3.1499999999999995,
      0.4724999999999999
    ],
    "2": [
      1.5749999999999997,
      3.4649999999999994
    ],
    "3": [
      5.354999999999999,
      9.659999999999998
    ],
    "4": [
      7.349999999999999,
      14.489999999999998
    ]
  },
  "cmdp_train_until": {
    "0": 100,
    "1": 100,
    "2": 100,
    "3": 100,
    "4": 100
  }
}