{
  "args": {
    "r_max": 0.1,
    "categories": 5,
    "seed": 107,
    "output_dir": "L:\\UserData\\rotal\\master_thesis\\cmdp",
    "constrained_cats": null,
    "eta": 0.1,
    "n_dual": 100,
    "num_repeats": 50,
    "run_group": "20260224_181824_bf1.0",
    "cpu_cores": "8-9",
    "failure_cost_coef": 1.0
  },
  "tokens": {
    "r": "r0.1",
    "bf": "bf1.0"
  },
  "scenario": {
    "categories": 5,
    "node_list": [
      60,
      40,
      30,
      20,
      10
    ],
    "active_cats": [
      0,
      1,
      2,
      3,
      4
    ],
    "boundaries": [
      0,
      60,
      100,
      130,
      150,
      160
    ]
  },
  "constrained_cats": [
    0,
    1,
    2,
    3,
    4
  ],
  "failure_thresholds": {
    "0": [
      2.4000000000000004,
      0.36000000000000004
    ],
    "1": [
      3.6000000000000005,
      0.5400000000000001
    ],
    "2": [
      1.8000000000000003,
      3.9600000000000004
    ],
    "3": [
      6.12,
      11.040000000000001
    ],
    "4": [
      8.400000000000002,
      16.560000000000002
    ]
  },
  "train_until": {
    "0": 50,
    "1": 50,
    "2": 37,
    "3": 55,
    "4": 110
  }
}