{
  "args": {
    "r_max": 0.2,
    "categories": 5,
    "seed": 107,
    "output_dir": "L:\\UserData\\rotal\\master_thesis\\cmdp",
    "constrained_cats": null,
    "eta": 0.1,
    "n_dual": 100,
    "num_repeats": 100,
    "run_group": "20260226_092425_bf0.0",
    "cpu_cores": "14-15",
    "failure_cost_coef": 0.0
  },
  "tokens": {
    "r": "r0.2",
    "bf": "bf0.0"
  },
  "scenario": {
    "categories": 5,
    "node_list": [
      60,
      40,
      30,
      20,
      10
    ],
    "active_cats": [
      0,
      1,
      2,
      3,
      4
    ],
    "boundaries": [
      0,
      60,
      100,
      130,
      150,
      160
    ]
  },
  "constrained_cats": [
    0,
    1,
    2,
    3,
    4
  ],
  "failure_thresholds": {
    "0": [
      4.800000000000001,
      0.7200000000000001
    ],
    "1": [
      7.200000000000001,
      1.0800000000000003
    ],
    "2": [
      3.6000000000000005,
      7.920000000000001
    ],
    "3": [
      12.24,
      22.080000000000002
    ],
    "4": [
      16.800000000000004,
      33.120000000000005
    ]
  },
  "cmdp_train_until": {
    "0": 100,
    "1": 100,
    "2": 100,
    "3": 100,
    "4": 100
  }
}